Date, ZC025YR, ZC050YR, ZC075YR, ZC100YR, ZC200YR
2024-04-29,0.04914439999999999,0.04809540189538565,0.047050536378940536,0.04603650531723852,0.04280118030185555
2024-04-30,0.04915649999999999,0.04812406373492556,0.04708970343908432,0.04608614322499828,0.042858161854566375
2024-05-01,0.04910049999999999,0.04808412901607466,0.0470604177732889,0.04606741561475473,0.04284674668278444
2024-05-02,0.0489207,0.04791958846976398,0.04690684900481859,0.045924624364604275,0.04271123679721673
2024-05-03,0.04863289999999999,0.04764633088834783,0.04664483584957832,0.045673571339358954,0.04246743419472232
2024-05-06,0.0488576,0.04788831165015639,0.04689634716960288,0.04593475839064035,0.04273584085840874
2024-05-07,0.048758499999999996,0.04780457557535319,0.046823106388676,0.04587188735697293,0.04268015875772761
2024-05-08,0.048701499999999995,0.04776306057690314,0.04679188020403856,0.04585086006387666,0.04266628984856973
2024-05-09,0.0487326,0.04781002355866709,0.04684877871883994,0.045917678323959,0.04274023607335936
2024-05-10,0.04875399999999999,0.04784712083023312,0.04689577193040266,0.04597454393700626,0.04280419936114797
2024-05-13,0.04866129999999999,0.047769371950848266,0.04682821421740234,0.045917058690074244,0.04275378162770721
2024-05-14,0.04862709999999999,0.04775033863709422,0.04681911507277295,0.04591782435757834,0.04276158477562134
2024-05-15,0.048518099999999995,0.047655979539863856,0.0467348605065485,0.04584354270138289,0.042694310694378956
2024-05-16,0.04846049999999999,0.047613198038396275,0.04670195025448767,0.045820415470890004,0.04267816126046404
2024-05-17,0.048506099999999996,0.047674083293702936,0.04677230808245622,0.0459002444031277,0.04276493833744648
2024-05-21,0.0482682,0.04744978316725928,0.0465583206658025,0.04569633122283738,0.04256794377607183
2024-05-22,0.0481168,0.04731235834800396,0.04643086431681931,0.04557867764256086,0.042457179414350565
2024-05-23,0.04798909999999999,0.047198659959456005,0.0463269917382861,0.04548448536272651,0.042369847077646586
2024-05-24,0.04790119999999999,0.047124878385694846,0.04626284222802396,0.04542985607173503,0.042322048578765196
2024-05-27,0.0480493,0.047288306689778736,0.04643508102368003,0.045610991446044545,0.04250998571804046
2024-05-28,0.048029199999999994,0.04728249527735947,0.046438553368438926,0.04562369315025497,0.04252946028342184
2024-05-29,0.048001199999999994,0.04726863733220862,0.04643393957696937,0.045628262837192006,0.04254077405056043
2024-05-30,0.0478186,0.04709921684867923,0.046274193880089534,0.04547800214799036,0.04239722878289435
2024-05-31,0.047467999999999996,0.046760759947088046,0.04594588576357657,0.04515951271217644,0.04208542623173376
2024-06-03,0.0474952,0.04680210601889292,0.04599610725001921,0.04521859614775049,0.04215116813634506
2024-06-04,0.0474238,0.04674420347942733,0.04594733278282212,0.04517885406126811,0.042118056224034764
2024-06-05,0.0467321,0.0460624485368685,0.04527662965966127,0.04451858804792118,0.04146439221023251
2024-06-06,0.046281600000000006,0.045623138187891474,0.0448475365299395,0.04409929969161828,0.04105167779857367
2024-06-07,0.0463388,0.04569425683588316,0.04492718482042955,0.04418749056506448,0.04114641468098137
2024-06-10,0.0463368,0.04570574902870571,0.04494733490349419,0.04421626222984057,0.041181704537747825
2024-06-11,0.04652970000000001,0.04591313012443051,0.04516268886304728,0.0444397162364818,0.04141164903761526
2024-06-12,0.046429700000000004,0.04582588504051414,0.04508429413228465,0.044370054124555934,0.04134844983785609
2024-06-13,0.0464281,0.04583749296919677,0.04510437726642563,0.04439857742274089,0.04138340858435271
2024-06-14,0.04642360000000001,0.045846090608835356,0.04512139978114467,0.04442398764890174,0.0414152269116766
2024-06-17,0.04632990000000001,0.04576489816364074,0.04504885866034743,0.04435998631016718,0.041357606443166946
2024-06-18,0.04614510000000001,0.04559200571955742,0.04488485049183599,0.04420467490300551,0.0412086487910087
2024-06-19,0.04612970000000001,0.045589364237100846,0.04489049244918823,0.044218554913300005,0.041228855556310035
2024-06-20,0.0462504,0.04572348897724802,0.04503240684186284,0.04436832781642378,0.04138492832917936
2024-06-21,0.04599640000000001,0.045480736774627724,0.04479858665254967,0.04414319507731419,0.04116606868880173
2024-06-24,0.046141600000000005,0.04563931686630979,0.04496476325728861,0.044317058150546575,0.0413461782035147
2024-06-25,0.0462356,0.04574632234720617,0.045079472473846194,0.044439518480407586,0.041474858430883735
2024-06-26,0.04621990000000001,0.045742928162065724,0.045084076982134694,0.04445207750096797,0.04149361091777698
2024-06-27,0.04620930000000001,0.045744574077265454,0.04509364932074253,0.0444695366361548,0.04151723720043961
2024-06-28,0.046279600000000004,0.04582748272706599,0.04518416978338277,0.04456769729982325,0.04162153880456759
2024-07-02,0.0460834,0.045642320628052485,0.0450074177604218,0.04439916089582786,0.04145911724538101
2024-07-03,0.0460337,0.04560438772457295,0.04497737103155865,0.0443769288180932,0.041442974027696734
2024-07-04,0.046007900000000004,0.04559040207037882,0.044971140639780735,0.044378402450684175,0.04145051064600073
2024-07-05,0.046195200000000006,0.04579061762248652,0.045178375048708364,0.04459278316787574,0.041670928584519776
2024-07-08,0.046058100000000005,0.045664542521957646,0.0450603040211557,0.044482572334222134,0.04156672931729273
2024-07-09,0.0459995,0.04561732046529479,0.045020781421428444,0.04445067130462569,0.04154081430824126
2024-07-10,0.0458262,0.045454676432321206,0.04486615129080132,0.04430388142440502,0.04139998501124007
2024-07-11,0.04581360000000001,0.045453544270694424,0.044872465933796665,0.044317604029362904,0.0414196428701867
2024-07-12,0.0457337,0.045384655207143236,0.04481118707366176,0.04426384044585351,0.041371789319070755
2024-07-15,0.0454007,0.045061175407461976,0.04449607623266219,0.043956791990849294,0.04107062578204271
2024-07-16,0.0449437,0.044612924199784736,0.044056539685745785,0.043525559972007306,0.04064525367348222
2024-07-17,0.04492070000000001,0.04460100875539919,0.04405189807816337,0.043528145687735116,0.04065367439806593
2024-07-18,0.0447182,0.04440851406134308,0.04386720137319934,0.043351050427256246,0.04048238935083484
2024-07-19,0.04467890000000001,0.04438004862486226,0.04384596100406475,0.04333697547067509,0.040474099917261176
2024-07-22,0.04456210000000001,0.04427357294242516,0.04374690861766621,0.043245222089041455,0.04038810747331482
2024-07-23,0.04450320000000001,0.04422524139635317,0.04370576535589317,0.043211191544414586,0.040359813385529214
2024-07-24,0.04415720000000001,0.043888133797903184,0.04337671617626537,0.04288988508992677,0.04004421901106692
2024-07-25,0.04413160000000001,0.04387313287936527,0.043368698755668234,0.042888803969846484,0.040048825697784576
2024-07-26,0.0438496,0.04360022792654631,0.04310354981644744,0.04263114941964108,0.03979683478429754
2024-07-29,0.0440686,0.04383103621349463,0.043340461546261616,0.042874322666039015,0.04004564760004394
2024-07-30,0.0438153,0.04358683955396584,0.04310383290602132,0.04264502492709174,0.03982196546534843
2024-07-31,0.043712600000000004,0.043494006402340885,0.043018037969444145,0.04256615741223498,0.03974868969148533
2024-08-01,0.0432516,0.043040804053830546,0.042572974021874016,0.04212882132234977,0.03931692158074152
2024-08-02,0.04287970000000001,0.042677123880869576,0.04221710005554029,0.04178041784982286,0.03897406242647868
2024-08-06,0.042725,0.0425317795892088,0.04207881989086133,0.041649048178606894,0.0388482135131953
2024-08-07,0.042668700000000004,0.0424853102959135,0.042039053407297425,0.04161591348428003,0.03882057611658809
2024-08-08,0.042557700000000004,0.04238376415337893,0.04194433935651681,0.04152791493410516,0.03873805150361307
2024-08-09,0.0425624,0.04239849035623942,0.04196548158320751,0.04155545368708874,0.03877104093254617
2024-08-12,0.042482400000000003,0.04232797371272241,0.04190160695949617,0.04149813089403919,0.03871914565304347
2024-08-13,0.04233880000000001,0.04219343220106556,0.04177386621383743,0.0413770476976249,0.03860346690620093
2024-08-14,0.0423752,0.04223982253691755,0.04182643629612194,0.041435805232431774,0.038667605924613775
2024-08-15,0.0421686,0.04204179021998299,0.04163531759715361,0.04125140462502041,0.03848856393243546
2024-08-16,0.042127700000000004,0.04201031113246202,0.04161017752772486,0.041232546993982884,0.038475042145436185
2024-08-19,0.042219900000000005,0.042112604270316524,0.0417183397890902,0.04134663344999911,0.03859444177106102
2024-08-20,0.042085,0.04198646475386682,0.04159875328105998,0.04123346509589277,0.03848656400848763
2024-08-21,0.0421088,0.04201984096194018,0.04163813123736136,0.041278843026686926,0.03853721004868359
2024-08-22,0.04206900000000001,0.0419891957489996,0.04161364868922349,0.04126046832965918,0.038524081074463305
2024-08-23,0.0420378,0.041967131558115274,0.04159767717437807,0.04125054208439647,0.038519378260544544
2024-08-26,0.041916400000000006,0.04185429880778609,0.041491183798674974,0.04115026536284943,0.03842430277360452
2024-08-27,0.0417578,0.041703993040710895,0.04134729467956538,0.04101263922938647,0.038291855772335674
2024-08-28,0.04164910000000001,0.04160379964373949,0.04125331657782151,0.04092476474084735,0.03820913840750098
2024-08-29,0.0414558,0.04141847027003164,0.041074432150088755,0.04075214294659645,0.0380416518219889
2024-08-30,0.041341100000000006,0.041312113977074814,0.040974228127921716,0.040657974888575664,0.037952597150867996
2024-09-03,0.041014300000000004,0.040992412787430835,0.04066131773389235,0.04035156160135688,0.03765127552144108
2024-09-04,0.04049380000000001,0.04047786959611422,0.040154145227314864,0.03985130411219413,0.037156088053299056
2024-09-05,0.04049420000000001,0.040487063301594475,0.040169001421498735,0.03987180344107531,0.03718163585837431
2024-09-06,0.04047540000000001,0.04047688741334315,0.0401645096756849,0.03987296060077363,0.0371878200409938
2024-09-09,0.0405061,0.04051642485573101,0.0402095331963776,0.03992347659689862,0.03724334169793181
2024-09-10,0.04036390000000001,0.040382037887016754,0.04008114671409939,0.03980095242794679,0.03712580191846215
2024-09-11,0.04037400000000001,0.04040073745703482,0.040105320064643624,0.039830589085351954,0.0371604017844102
2024-09-12,0.040429400000000004,0.04046492829289716,0.04017480089702101,0.03990538755353521,0.03724014237020451
2024-09-13,0.0404085,0.040452333834941276,0.04016770232523738,0.0399037488099545,0.037243424742928
2024-09-16,0.0401995,0.04025053208070948,0.039971960635950154,0.039713873825153886,0.03705844996236883
2024-09-17,0.04016260000000001,0.04022172882583507,0.039948628422208365,0.039695963562812464,0.03704541908107097
2024-09-18,0.04002120000000001,0.0400877845583296,0.03982045219782862,0.03957341897979289,0.03692773314438432
2024-09-19,0.03991990000000001,0.03999410474167334,0.039732374637714465,0.03949084102618963,0.03684999319051458
2024-09-20,0.03984700000000001,0.039928924655600044,0.039672668752026824,0.03943653064537681,0.03680050025057265
2024-09-23,0.039777900000000005,0.03986750775773623,0.03961667703674468,0.03938588877405577,0.036754655348623856
2024-09-24,0.0396672,0.03976420170135742,0.03951889278967445,0.03929351634230225,0.03666705950173664
2024-09-25,0.039568900000000004,0.03967330753392022,0.03943344439146888,0.039213414273613245,0.03659171372003104
2024-09-26,0.039474800000000004,0.03958658000923427,0.039352113110925485,0.03913738348495356,0.036520419006726805
2024-09-27,0.0393845,0.03950361730375399,0.03927449865967006,0.03906502488680202,0.03645277635819116
2024-10-01,0.03918390000000001,0.039309684580499805,0.03908623183661858,0.03888223938319729,0.036274686763986215
2024-10-02,0.0391432,0.039276486541978683,0.039058152331092943,0.03885922787178353,0.03625635120691611
2024-10-03,0.03910720000000001,0.0392479595264225,0.03903469372856416,0.03884079124385552,0.036242570663073743
2024-10-04,0.039139400000000005,0.039287957454239866,0.03907950684997334,0.03889043038440363,0.036296846101887256
2024-10-07,0.0391798,0.03933614667220771,0.03913245042603118,0.03894814617215842,0.03635917848616617
2024-10-08,0.03894120000000001,0.03910372861667229,0.03890564583986095,0.03872673947963488,0.03614236877214712
2024-10-09,0.0388382,0.039007611905223845,0.03881467427374517,0.03864081117317641,0.03606101790953942
2024-10-10,0.038330100000000006,0.03850408663910389,0.0383175575575737,0.038149662112998486,0.035574426841570174
2024-10-11,0.0379917,0.038171153323998924,0.03799045574844122,0.03782809315323201,0.03525739650502916
2024-10-15,0.037268800000000005,0.037451526896195256,0.037277858739073064,0.03712190514196631,0.03455572783031333
2024-10-16,0.037089800000000006,0.03727877647993561,0.03711036286534852,0.03695949892129191,0.034397821741471074
2024-10-17,0.0369944,0.03719003978273463,0.037026580091086864,0.03688057532734294,0.03432337915624611
2024-10-18,0.036785200000000004,0.036986818172445694,0.03682864415179604,0.036687735190339306,0.03413500098612112
2024-10-21,0.03642000000000001,0.03662667707095954,0.036474255837048275,0.036338779334628465,0.03379048813636104
2024-10-22,0.0360906,0.03630248466339657,0.03615566935774489,0.036025508578727,0.03348164150605606
2024-10-23,0.035345,0.03555972485608543,0.035419816290832684,0.035295923735361855,0.03275646198816435
2024-10-24,0.03503930000000001,0.03525926423643245,0.03512482195250098,0.0350061256115113,0.032471050469554445
2024-10-25,0.0351152,0.03534247858133194,0.035212249038067314,0.03509781500844557,0.03256710783104738
2024-10-28,0.0351221,0.03535625958382918,0.03523043242319039,0.03512039272176726,0.03259403494745848
2024-10-29,0.03504260000000001,0.03528311072144963,0.03516193152623827,0.03505645954145138,0.032534432687638906
2024-10-30,0.035045900000000005,0.03529317434146737,0.03517634708293518,0.03507521625188523,0.032557501914516875
2024-10-31,0.0350935,0.035347736444841245,0.03523508860069621,0.03513816363190785,0.03262474348513865
2024-11-01,0.0351283,0.03538937947690182,0.035280921592717854,0.0351882024548493,0.03267905825070913
2024-11-04,0.035100000000000006,0.03536752373870149,0.03526342765069358,0.03517503348856962,0.032670147056632286
2024-11-05,0.0350804,0.035354369305403865,0.03525457713700138,0.03517045749549752,0.03266981074255125
2024-11-06,0.0350346,0.035314822210831966,0.03521938805753198,0.035139575232668814,0.03264315014238811
2024-11-07,0.0349898,0.03527623422043603,0.0351851252849302,0.03510958745176454,0.03261736608438348
2024-11-08,0.03497600000000001,0.03526877268595504,0.03518186031018283,0.03511049489914885,0.03262245939113575
2024-11-12,0.0349521,0.035251109116398664,0.035168396464236626,0.03510119831590662,0.03261733087964005
2024-11-13,0.0350042,0.03530982318858619,0.035231037910698676,0.03516779843788079,0.03268808136132703
2024-11-14,0.0349491,0.03526069528285594,0.03518615189702318,0.035127095995709415,0.03265151164210124
2024-11-15,0.0349787,0.03529669409972601,0.035226092803346404,0.03517099171486256,0.03269952252237939
2024-11-18,0.0348914,0.03521509757525373,0.03514878435245408,0.03509788631567874,0.032630514797128175
2024-11-19,0.0348589,0.035188561944433074,0.03512633314274714,0.03507948051340131,0.03261618925590198
2024-11-20,0.03480090000000001,0.035136340461434656,0.0350782497722283,0.03503547501821448,0.03257624668288026
2024-11-21,0.0346412,0.034981809204436345,0.03492815453204101,0.034889670535279076,0.03243448785690468
2024-11-22,0.034600500000000006,0.034946897203127436,0.03489726989794631,0.03486276776476809,0.03241161355151593
2024-11-25,0.0343137,0.034664472116545615,0.034619632886209284,0.034589667401901975,0.03214252453499042
2024-11-26,0.034331,0.03468779742015772,0.03464674525484465,0.034620570136983636,0.032177421570376535
2024-11-27,0.03417970000000001,0.034541541719065795,0.034504789531884544,0.034482776655433256,0.03204360541553083
2024-11-28,0.0341481,0.03451561038882288,0.03448274805741047,0.03446458763782281,0.032029376823153835
2024-11-29,0.0338715,0.034243273306771835,0.03421505877964416,0.03420130375991037,0.03177003654082566
2024-12-02,0.033815700000000004,0.034192924053320445,0.034168623831023134,0.034158725692674134,0.031731385311041325
2024-12-03,0.03376570000000001,0.034148365937663155,0.03412793520332745,0.034121854102346263,0.031698423871245954
2024-12-04,0.0336422,0.03402985775972973,0.034013505824445095,0.034011389650446415,0.031591852953869494
2024-12-05,0.0331287,0.03351913773595017,0.033508087625124014,0.03351083299381514,0.031095173286361494
2024-12-06,0.03244380000000001,0.03283602318321486,0.032830798079800896,0.03283878478464691,0.030426985591225357
2024-12-09,0.031782500000000005,0.03217660002630813,0.03217709884400974,0.03219024567052301,0.029782290586052525
2024-12-10,0.0313789,0.03177627187235428,0.03178164404407077,0.03179931629444419,0.029395188983556406
2024-12-11,0.0314396,0.031842789223636835,0.031851522763689466,0.03187259729486301,0.02947228149160597
2024-12-12,0.03147610000000001,0.031884932697861634,0.03189708012563028,0.031921589305716085,0.02952506881325927
2024-12-13,0.0314957,0.031910043215417565,0.03192563384935286,0.03195359295645596,0.029560851646796553
2024-12-16,0.031543100000000004,0.03196306991455253,0.031981990104582914,0.03201330887208284,0.02962433068575325
2024-12-17,0.03148430000000001,0.03190926704158477,0.031931832420479075,0.031966737673176156,0.02958150661895277
2024-12-18,0.031319,0.031748333198960955,0.03177486053240877,0.0318135799759257,0.029432080130538916
2024-12-19,0.03129610000000001,0.031730554377117415,0.03176056354714346,0.03180273639216282,0.02942495190000821
2024-12-20,0.0313049,0.03174461453641015,0.0317779800904375,0.03182350752939113,0.029449422602241985
2024-12-23,0.0313577,0.0318028824224491,0.03183943968811015,0.0318881939908172,0.02951779290753816
2024-12-24,0.031400800000000006,0.03185135933217961,0.031891115768511905,0.03194309637538089,0.02957636348164285
2024-12-27,0.031354900000000005,0.03181030403585808,0.031853521211230265,0.031908915277785596,0.029545834985781817
2024-12-30,0.0313876,0.031848249886834934,0.031894652827713935,0.03195325128852817,0.029593808076691607
2024-12-31,0.0314247,0.031890584045258026,0.03194013555332928,0.03200190499392866,0.029646083406650463
2025-01-02,0.031374,0.031844593456678276,0.03189755174924912,0.03196267697615991,0.02961046162350915
2025-01-03,0.031241200000000004,0.031716010110860136,0.03177261531367326,0.031841267813276855,0.02949264337072142
2025-01-06,0.031205000000000004,0.031684529151679755,0.03174444929833868,0.03181637807924565,0.029471329287374334
2025-01-07,0.031148200000000004,0.03163229833485891,0.03169557692889062,0.0317708083439726,0.029429320008218393
2025-01-08,0.031120100000000005,0.03160889238231722,0.031675415211621386,0.03175385917333288,0.029415916163697393
2025-01-09,0.031059000000000003,0.03155226803553867,0.03162211862755614,0.031703831129199035,0.02936941837997813
2025-01-10,0.0312914,0.03179074328933476,0.03186295977363601,0.031947224769469304,0.029616327278979875
2025-01-13,0.031469800000000006,0.031974883725811684,0.03204961718917494,0.03213654064809574,0.02980914347840367
2025-01-14,0.031247900000000002,0.03175646160618634,0.031834972248734425,0.0319254793151121,0.02960156759176132
2025-01-15,0.031050800000000003,0.031562943863255956,0.03164513073630894,0.03173914131666156,0.029418700228404367
2025-01-16,0.030779500000000005,0.03129477956670716,0.031380858901784076,0.03147852719502425,0.02916154199355267
2025-01-17,0.030603200000000004,0.031122110954579552,0.03121175730308979,0.03131283748864459,0.02899929348832291
2025-01-20,0.030541500000000003,0.03106464738387679,0.031157472681465088,0.031261672732158394,0.02895155530975685
2025-01-21,0.030342800000000003,0.030869388337741912,0.030965810369399376,0.031073433456419816,0.028766728050849406
2025-01-22,0.030332900000000003,0.030863947900150138,0.030963341286025545,0.031073920188528108,0.02877061230057653
2025-01-23,0.030284600000000002,0.030819861394879806,0.03092232846604512,0.031035933451854174,0.02873600864392287
2025-01-24,0.029989300000000003,0.030527367697246486,0.030633678931719494,0.03075087376606695,0.02845431766190929
2025-01-27,0.029729900000000004,0.030270942045894703,0.030380962132804324,0.030501641647159572,0.028208439931620144
2025-01-28,0.029433400000000002,0.029977178248979015,0.030091005789274334,0.03021523760747539,0.027925376026230388
2025-01-29,0.029042300000000004,0.029588256407362463,0.029706174277014635,0.029834162155733784,0.027547626515032515
2025-01-30,0.028844600000000005,0.0293937801484775,0.02951514909976162,0.02964641579705579,0.027363191963463263
2025-01-31,0.028585100000000002,0.02913712889990682,0.02926212705458377,0.029396799032989553,0.027116872933130177
2025-02-03,0.027736700000000003,0.028288268318313936,0.028418761874422785,0.028558212361535613,0.026281569981837973
2025-02-04,0.028237600000000005,0.028796189309129718,0.02892783788794785,0.029068856277171984,0.026795483663614707
2025-02-05,0.028197800000000002,0.028760369750103168,0.028894885473987414,0.02903873127087906,0.026768614528737765
2025-02-06,0.028114100000000003,0.028680375728811613,0.028817879949418503,0.028964637830164394,0.0266977631237597
2025-02-07,0.028624600000000004,0.029197860001431934,0.029336430812512627,0.029484676439087216,0.027221029991533845
2025-02-10,0.028379000000000005,0.028955005153571772,0.029097044860974444,0.029248547578282855,0.026988115671239783
2025-02-11,0.028335100000000002,0.028914943828263342,0.02905978769988193,0.029214051724986943,0.026956820698408622
2025-02-12,0.028455200000000003,0.029039766344928004,0.029186870508240877,0.029343489353059478,0.027089445604948106
2025-02-13,0.028466100000000005,0.02905475190461601,0.02920444748949006,0.029363660933008677,0.027112790919167535
2025-02-14,0.028570600000000005,0.029163829777544132,0.029315798616284337,0.029477366932014703,0.027229657165802525
2025-02-18,0.028792600000000005,0.029391033229021125,0.029544880748505756,0.029708507813953195,0.027463944866039595
2025-02-19,0.028857500000000005,0.02946023366137209,0.02961644477133524,0.02978248403941865,0.027541054537540577
2025-02-20,0.028722800000000003,0.029328694663283777,0.029487890499517902,0.029656796065747636,0.027418486694466865
2025-02-21,0.028657400000000003,0.02926681350267627,0.029428754227147733,0.029600344347041813,0.027365141847503483
2025-02-24,0.028694400000000002,0.029307874658948137,0.02947221456333284,0.029646229334190845,0.027414120503882998
2025-02-25,0.028344800000000003,0.02896015588343771,0.029128115313692603,0.02930545147489509,0.02707642316740926
2025-02-26,0.028372700000000004,0.02899201140406844,0.029162363946303043,0.029342111213688193,0.027116150338480968
2025-02-27,0.028255900000000004,0.0288783341325181,0.029051525742017054,0.029234008991959444,0.027011102514115107
2025-02-28,0.028178200000000004,0.02880394754604195,0.028979835716331823,0.029164945247976058,0.026945080187970167
2025-03-03,0.028128500000000004,0.028757690039073414,0.028936167931056737,0.02912382041690523,0.02690698385036926
2025-03-04,0.027252400000000003,0.027880405037088277,0.0280641019852551,0.02825623493083608,0.02604241398832302
2025-03-05,0.027331900000000003,0.0279640137924512,0.028149852736921326,0.02834418921880142,0.026133371085552408
2025-03-06,0.027412000000000002,0.02804819964997999,0.028236161855033935,0.02843268370679937,0.026224855622511273
2025-03-07,0.027287900000000004,0.027927022598106685,0.028117745279230742,0.028316918817814823,0.026112068076408854
2025-03-10,0.027036100000000004,0.027677408726608163,0.0278712842401746,0.02807339497184076,0.025871508921232036
2025-03-11,0.026587300000000005,0.027229672400624252,0.027427315139695825,0.027632812585899412,0.025433878627767526
2025-03-12,0.026485500000000002,0.027130842455258486,0.027331124872735504,0.02753917207406328,0.02534317766362381
2025-03-13,0.026464900000000003,0.027113639263795758,0.027316285101322012,0.027526673847475997,0.025333606493253023
2025-03-14,0.026426000000000005,0.02707800905274337,0.027283060795929716,0.027495818314373026,0.0253056655779726
2025-03-17,0.026408700000000004,0.02706407413944455,0.027271446615206838,0.027486505880102256,0.025299255375986818
2025-03-18,0.026532500000000004,0.027192000003044548,0.02740122547501765,0.027618236947144416,0.025433876342408197
2025-03-19,0.026494200000000002,0.027156898791885657,0.02736848057558861,0.027587811915133358,0.02540632892927872
2025-03-20,0.026487400000000005,0.02715344852510595,0.027367270080106643,0.027588831180876187,0.025410213585590907
2025-03-21,0.026434500000000003,0.027103617348416573,0.027319810743714253,0.027543695138373264,0.025367930757308792
2025-03-24,0.026549500000000004,0.02722259685293033,0.027440608972911507,0.027666404178838054,0.02549348088738868
2025-03-25,0.026463700000000003,0.027139634518944227,0.027360093047989264,0.02758825869071684,0.02541816441579982
2025-03-26,0.026501400000000005,0.02718083601662046,0.027403330238289936,0.0276335590597083,0.025466281779544925
2025-03-27,0.026418300000000002,0.027100541405314534,0.027325443034411638,0.02755800566878293,0.025393533412680486
2025-03-28,0.026393400000000004,0.02707874741314552,0.027305855057615472,0.027540598898202356,0.025378919746337058
2025-03-31,0.026282900000000005,0.026970853618292052,0.027200426483774923,0.02743753912553849,0.025278641208739308
2025-04-01,0.026187800000000004,0.02687842249122195,0.027110396455096056,0.02734982672569254,0.02519369822522595
2025-04-02,0.026075000000000004,0.026768169916198892,0.02700258695646035,0.02724436207091394,0.025090991218269597
2025-04-03,0.026029800000000002,0.02672587095355436,0.026962499994712178,0.027206445530819044,0.025055820607496358
2025-04-04,0.025587300000000004,0.026284037492569346,0.02652413631525623,0.026771177472409827,0.024623286809705453
2025-04-07,0.025617800000000003,0.026317814980876063,0.026559854498320698,0.02680885826009231,0.024663690238888532
2025-04-08,0.025634200000000003,0.026337391709729215,0.026581402781097295,0.02683238825569496,0.024689931306248983
2025-04-09,0.026348800000000002,0.027059033479185084,0.027302766059606316,0.02755406781848691,0.02541431042022104
2025-04-10,0.026228600000000005,0.026941205660408325,0.02718731894437338,0.027440897305196076,0.025303827986488794
2025-04-11,0.026356200000000003,0.02707253565028326,0.027320222111858982,0.02757547707002709,0.02544108440800502
2025-04-14,0.026320300000000005,0.027039433742620116,0.027289203063971437,0.027546507464679213,0.02541478008500997
2025-04-15,0.026230200000000002,0.026951808605707867,0.02720382055440577,0.027463288838363995,0.025334215415049904
2025-04-16,0.026421500000000004,0.0271471288037708,0.02740046854960576,0.027661421537822913,0.025534990792995618
2025-04-17,0.026500300000000004,0.027229301499663076,0.02748431569828131,0.027747005907344822,0.02562320661106076
2025-04-21,0.026510600000000002,0.027242571808803486,0.027499466309973127,0.0277640422887833,0.025642863258820058
2025-04-22,0.026552900000000004,0.027287999402243076,0.027546658318728195,0.0278130310215739,0.025694461123227406
2025-04-23,0.026621900000000004,0.027360254921661314,0.027620579432830326,0.02788867244275122,0.02577270058863383
2025-04-24,0.026546900000000002,0.027287688163805685,0.027550126176853124,0.027820266886965903,0.025706882036805333
2025-04-25,0.026579700000000005,0.027323501140438945,0.027587694314227248,0.02785961468650151,0.025748805846940614
2025-04-28,0.026531900000000004,0.027278245103673954,0.027544438504442076,0.027818316171291234,0.025710072395688646
2025-04-29,0.026567600000000004,0.02731693380438258,0.027584847091217956,0.02786047166893455,0.025754782057166165
2025-04-30,0.026478000000000005,0.027229604918159275,0.0274996264833288,0.02777728150471372,0.025674135202975016
2025-05-01,0.026446600000000004,0.02720078020090917,0.027472710903447207,0.02775224600161016,0.025651632202219374
2025-05-02,0.026483000000000003,0.027240113240959516,0.027513723287542827,0.02779496548032075,0.025696873421522874
2025-05-05,0.026456800000000003,0.027216478193089626,0.027491955460646016,0.027775040259273964,0.02567945922504559
2025-05-06,0.026410300000000005,0.027172410696794776,0.02744980769313259,0.027734770654645934,0.025641689974500913
2025-05-07,0.026293800000000003,0.02705793419205099,0.02733746266765091,0.027624456980376366,0.0255338660291723
2025-05-08,0.026260500000000003,0.027027101738298486,0.02730848293722398,0.02759729954818437,0.025509187745929925
2025-05-09,0.026143300000000005,0.026911883163690913,0.027195373522503872,0.027486198667584172,0.025400555479247206
2025-05-12,0.026198900000000004,0.02697040774906412,0.02725544175771461,0.027547854645900684,0.02546466958121722
2025-05-13,0.026171600000000003,0.026945552051185786,0.027232383115470302,0.027526567788285026,0.025445830401568968
2025-05-14,0.026172200000000003,0.026948733068914744,0.027237259863672817,0.027533138397729872,0.025454838287683617
2025-05-15,0.025954200000000004,0.02673207857696453,0.027022989230439755,0.027321066775084734,0.025245193584610515
2025-05-16,0.025929700000000003,0.02670998302247897,0.02700264607510312,0.027302453219071113,0.025228996635083194
2025-05-20,0.026500700000000002,0.027286684621174697,0.02757918136829748,0.027879298026297555,0.02580824777953519
2025-05-21,0.026412400000000003,0.027200397560438763,0.02749482763707817,0.0277968014912746,0.025728147356115803
2025-05-22,0.026377700000000004,0.027167990951115693,0.02746417114821271,0.027767863906429612,0.025701595700705723
2025-05-23,0.026370200000000003,0.02716291794257274,0.0274607496733616,0.027766085562121526,0.02570219314693255
2025-05-26,0.026345700000000003,0.02714073258398645,0.02744025888451916,0.027747266746655463,0.025685740026186208
2025-05-27,0.026377100000000004,0.027174740863277314,0.02747577140148567,0.027784307746297275,0.025725136667634263
2025-05-28,0.026485200000000004,0.02728585870721513,0.027588136622637552,0.027898008845287963,0.025841183398237114
2025-05-29,0.026315800000000004,0.02711791427594055,0.027422317044987054,0.027734170325857985,0.025679680542763098
2025-05-30,0.026321400000000002,0.027125926930365193,0.027431883063194547,0.027745292468241506,0.02569312842380348
2025-06-02,0.026393700000000003,0.027200993846453064,0.027508278741233752,0.027823075550690492,0.025773227361787342
2025-06-03,0.026355700000000003,0.027165129720612694,0.02747408566159278,0.027790519849488743,0.025742977674996368
2025-06-04,0.026378900000000004,0.027190789478679134,0.0275012096309994,0.027819125638965818,0.02577387967957953
2025-06-05,0.026585000000000004,0.02740035079033747,0.027711638674471392,0.028030593191510838,0.02598763368956766
2025-06-06,0.026524400000000004,0.027341710682909193,0.027654709653182483,0.027975322777586246,0.02593464001688794
2025-06-09,0.026740700000000003,0.027561495700017504,0.02787530841090417,0.028196914665741396,0.026158498971378282
2025-06-10,0.026745500000000002,0.027568586853132657,0.027883880041478584,0.028206969122626116,0.026170810860801606
2025-06-11,0.026704100000000005,0.02752920454612374,0.027846115681311644,0.028170786413004138,0.02613687599086003
2025-06-12,0.026694100000000002,0.02752138092321602,0.027839799049130462,0.028165966799766403,0.02613429466520891
2025-06-13,0.026643400000000005,0.027472614691728167,0.027792659811874176,0.028120410543944374,0.026090967185470916
2025-06-16,0.026760200000000005,0.027592265093457743,0.027913390563268945,0.028242317904723133,0.026215093851249812
2025-06-17,0.026750100000000002,0.027584293206563432,0.027906895213328266,0.028237289139454457,0.02621227496014434
2025-06-18,0.026680900000000004,0.02751687661173159,0.02784113429781222,0.0281731245036698,0.026150310807761864
2025-06-19,0.026668300000000002,0.02750635956612466,0.0278320816378574,0.028165524251093157,0.026144901687731998
2025-06-20,0.026526200000000003,0.027365606092243946,0.027693197276255088,0.02802838863365384,0.02600994789172009
2025-06-23,0.026627200000000004,0.027469290704382202,0.027797962617124652,0.02813431790149919,0.02611804970944067
2025-06-24,0.026610000000000005,0.027454102019314475,0.02778422334105343,0.028122012303007173,0.026107907428670748
2025-06-25,0.026657100000000003,0.027503556191726442,0.027834911250485178,0.028173972084798885,0.026162021335263037
2025-06-26,0.026607000000000002,0.027455254198427217,0.027788144563751286,0.02812869749175101,0.026118891713159127
2025-06-27,0.026503100000000005,0.027352837770657872,0.027687426100043856,0.02802958876700812,0.0260219188444025
2025-06-30,0.026544700000000004,0.027396716592707072,0.02773252739116944,0.028075946151994956,0.026070403009151494
2025-07-02,0.026577700000000003,0.027431932837675452,0.027768984153224326,0.02811366988642857,0.026110244485692175
2025-07-03,0.026591400000000005,0.02744772703953075,0.027786071251606387,0.028132060208330437,0.026130743550451113
2025-07-04,0.026455800000000005,0.027313375543621426,0.02765348139807223,0.028001117354038405,0.02600190047800808
2025-07-07,0.026480600000000003,0.02734030266947555,0.02768164722288094,0.02803054155821864,0.026033415541108634
2025-07-08,0.026495600000000005,0.027357360952478708,0.02769996635971234,0.028050133053877435,0.026055089010676658
2025-07-09,0.026421600000000003,0.027284909558438916,0.02762905166210115,0.027980692072372946,0.025987721155826763
2025-07-10,0.026447100000000005,0.027312498038807562,0.027657849110683853,0.028010718843426867,0.02601981224387665
2025-07-11,0.026451200000000005,0.027318553398398015,0.027665172933369484,0.028019313595135986,0.026030462540359362
2025-07-14,0.026649400000000004,0.0275197755063605,0.02786703296524938,0.028221976553983688,0.026235172309035444
2025-07-15,0.026823500000000004,0.027696749660467423,0.02804471331094655,0.028400507944851373,0.026415741811905057
2025-07-16,0.026736500000000003,0.027611156491131026,0.027960653610686295,0.028317907991029775,0.026335171309219953
2025-07-17,0.026653300000000005,0.027529370893727916,0.027880380530395193,0.02823907691423022,0.026258361059495423
2025-07-18,0.026562000000000002,0.027439426713456675,0.02779196608447898,0.028152114934595792,0.026173411319522107
2025-07-21,0.026666700000000005,0.02754656034789145,0.027899993140568048,0.02826112227071245,0.0262844223443778
2025-07-22,0.026667200000000002,0.02754890056655708,0.027903551862174768,0.028265899139619986,0.026291194387439046
2025-07-23,0.026718700000000005,0.027602511521010897,0.027958209462955713,0.028321645756823038,0.02634892770039284
2025-07-24,0.026813900000000005,0.027700052663648698,0.028056648832171485,0.028421062336301883,0.026450322533248045
2025-07-25,0.026690600000000002,0.02757786432223168,0.027936050002556247,0.028301949090523245,0.026333179134346876
2025-07-28,0.026801900000000003,0.027691569167408767,0.02805058473777728,0.028417406230451022,0.026450597750376274
2025-07-29,0.026871700000000002,0.02776353013909823,0.028123500193982402,0.02849133396555687,0.02652647862637913
2025-07-30,0.026846100000000005,0.027739547247354286,0.028100769044010505,0.028469832503830804,0.026506922005765536
2025-07-31,0.026823200000000002,0.02771826674262556,0.028080723449735643,0.028451002051791636,0.02649002813032386
2025-08-01,0.026534000000000002,0.027429191091240708,0.027793727356089988,0.028165842814497417,0.02620679724023185
2025-08-05,0.026573600000000003,0.02747073352788426,0.027836288360861685,0.02820945499555575,0.026252329574067545
2025-08-06,0.026568900000000003,0.027467716953836128,0.02783442420347994,0.02820873879713406,0.026253525368820217
2025-08-07,0.026572600000000002,0.027473134858146522,0.02784095966762784,0.02821639441996976,0.02626308485990114
2025-08-08,0.026369700000000003,0.027270790342868816,0.027640386407679424,0.028017422063380402,0.02606600828115439
2025-08-11,0.026506500000000002,0.027410024952249267,0.02778029660206491,0.02815812192527368,0.026208595864867464
2025-08-12,0.026499200000000004,0.0274043452766163,0.02777574617327264,0.028154694202157434,0.026207047841781912
2025-08-13,0.026490200000000002,0.027396944196096826,0.027769472047386595,0.028149539089149533,0.02620376444110383
2025-08-14,0.026507100000000002,0.027415575455522187,0.027789139639867854,0.028170256779987718,0.026226345890514337
2025-08-15,0.026407300000000005,0.027316845231840768,0.027691811830881315,0.028074247467039355,0.026132192416179936
2025-08-18,0.026530900000000003,0.027442747073456678,0.027818393117175773,0.02820161134131113,0.026261404242762822
2025-08-19,0.026490300000000005,0.027403523149169065,0.027780366935682338,0.028164748592458686,0.026226381593431124
2025-08-20,0.026489700000000005,0.027404510399886707,0.027782416368677527,0.028167859408796157,0.026231324689869055
2025-08-21,0.026506200000000004,0.027422681414997836,0.027801587390889504,0.028188043977305673,0.026253333752287025
2025-08-22,0.026395000000000002,0.027312430120256005,0.027692737674493435,0.02808050248364678,0.026147608999431648
2025-08-25,0.026575900000000003,0.027495893780928787,0.027876660207223437,0.0282650351121658,0.02633395064859572
2025-08-26,0.026550500000000005,0.027471897697704743,0.027853776371874778,0.02824324204590509,0.02631395891562807
2025-08-27,0.026584500000000004,0.027507621202167327,0.027890414697568106,0.02828082346661231,0.026353334014943407
2025-08-28,0.026612500000000004,0.027537300267368683,0.027921020639000423,0.028312379554749554,0.026386676159532066
2025-08-29,0.026569800000000005,0.02749587476295877,0.027880741305493565,0.028273210489502442,0.02634928556096968
2025-09-02,0.026421500000000004,0.02734825046581059,0.02773459428443388,0.028128416448789155,0.02620626242942681
2025-09-03,0.026312800000000004,0.027240435836532052,0.027628123110763392,0.02802319760926941,0.02610280697367848
2025-09-04,0.026290300000000003,0.027219290391973353,0.027608038122971752,0.028004154146353336,0.02608551940111367
2025-09-05,0.025832300000000002,0.02676020970905177,0.027151405591399815,0.027549586234210346,0.02563269991774475
2025-09-08,0.025626600000000003,0.026554823104566645,0.026947652333347765,0.027347294045777883,0.025432148728216794
2025-09-09,0.025270200000000003,0.026197887001797114,0.026592825350769202,0.026994277752770152,0.0250808660358169
2025-09-10,0.024998800000000005,0.025926413706089977,0.026323182212670562,0.02672623752568676,0.02481455204248341
2025-09-11,0.024940100000000003,0.025868814245725832,0.026266725060012944,0.02667087353382132,0.02476090694881507
2025-09-12,0.024829900000000002,0.02575941779407478,0.026158629163358448,0.02656398594526998,0.024655730954080125
2025-09-15,0.024892900000000003,0.025824175413765756,0.026224126073389063,0.026630274926939874,0.024723724256225356
2025-09-16,0.024547400000000004,0.0254781486354622,0.025880140150364116,0.026288040644557562,0.02438318705188505
2025-09-17,0.024330300000000003,0.025261226655321226,0.025664841317006824,0.026074183262677353,0.024171019536389914
2025-09-18,0.024301200000000002,0.025233341360753565,0.025637970648992377,0.02604830294468962,0.02414682190377594
2025-09-19,0.024208000000000004,0.025140989287777183,0.025546832029954905,0.025958299852829016,0.024058494346793153
2025-09-24,0.024227700000000005,0.025162155932644238,0.025568844192705806,0.025981174148182656,0.024083037056914388
2025-09-25,0.024239200000000002,0.025175067156525465,0.025582620842930698,0.02599582599069823,0.024099350224343924
2025-09-26,0.024170400000000005,0.025107221621480894,0.02551589157375355,0.02593015553919207,0.024035334038026105
2025-09-29,0.024288200000000003,0.025227005329300826,0.025636187735007622,0.02605106295135714,0.024157888685653883
2025-10-01,0.024191900000000002,0.025131487501530873,0.025541861757371304,0.025957848383771,0.024066314353677322
2025-10-02,0.024132300000000002,0.025072864504235702,0.025484306911503538,0.02590131199190368,0.024011411227312013
2025-10-03,0.024112100000000004,0.025053851437181238,0.025466229694287745,0.025884153930125522,0.023995879490547458
2025-10-06,0.024036600000000005,0.024979221137296077,0.025392706244348688,0.02581167435171495,0.023925019326155372
2025-10-07,0.023959400000000002,0.024902872082786492,0.025317463438880233,0.025737473408866195,0.023852430915697952
2025-10-08,0.023798700000000002,0.024742548928766803,0.02515850792430432,0.025579751252696986,0.02369631443953609
2025-10-09,0.023799100000000004,0.024744213521176995,0.025161018303954476,0.025583108033256134,0.023701270076837498
2025-10-10,0.023838600000000005,0.024785186705702116,0.025202706147044316,0.025625543899531103,0.023745298005584798
2025-10-14,0.023985600000000003,0.024934249355818554,0.02535213333067527,0.025775458999455526,0.023896798402583568
2025-10-15,0.023932800000000004,0.024882390681639173,0.02530127317573514,0.02572555347991665,0.02384847144347031
2025-10-16,0.023823900000000002,0.024774110779078356,0.025194165647322322,0.025619527486762737,0.02374401730272037
2025-10-17,0.023675000000000005,0.0246255993465058,0.025046948927313864,0.02547348116481043,0.023599536153655825
2025-10-20,0.023391800000000008,0.02434203144360495,0.024765100093513383,0.025193114657852008,0.023320728168453275
2025-10-21,0.023357500000000007,0.02430874055131599,0.024732725542211342,0.025161628108662692,0.023290793518151606
2025-10-22,0.023148100000000008,0.024099366164789148,0.0245248225873458,0.024955021659007787,0.023085732372659713
2025-10-23,0.02303940000000001,0.023991243827967277,0.02441784361561969,0.024849095449649847,0.022981344900764138
2025-10-24,0.022682600000000008,0.023633631701739644,0.024062163792524217,0.02449504962035577,0.022628831270136675
2025-10-27,0.022565800000000007,0.02351734728294829,0.023947037606933473,0.024380984309903844,0.02251629164734193
2025-10-28,0.02242890000000001,0.023380842557800617,0.023811750004308994,0.024246799656090716,0.0223836261978448
2025-10-29,0.022456700000000007,0.02340994643734476,0.02384153814746415,0.024277295795738358,0.02241563508601792
2025-10-30,0.022344700000000006,0.023298463715465945,0.023731181971508895,0.024167972864700966,0.022307818475149073
2025-10-31,0.02222500000000001,0.023179229901681246,0.02361309399886354,0.024050930997871783,0.02219227652744852
2025-11-03,0.022309000000000006,0.0232648219979473,0.023699174301027737,0.0241375703291899,0.022280409404056286
2025-11-04,0.022208500000000006,0.02316487880757116,0.023600304854985082,0.024039690991647038,0.022184017265049427
2025-11-05,0.022098000000000007,0.023054871895526203,0.023491398459921146,0.023931793117294202,0.022077600269449205
2025-11-06,0.022098400000000008,0.02305637441505676,0.02349364114678666,0.023934776837248362,0.022082058575228214
2025-11-07,0.022113100000000007,0.02307224861486912,0.02351020454391414,0.023952042281699053,0.02210079233931751
2025-11-10,0.022058800000000007,0.02301873078935404,0.02345759173435501,0.023900289579914948,0.02205050171761364
2025-11-12,0.02207840000000001,0.023039516572791335,0.023479040778527572,0.023922418860250344,0.022074086864985625
2025-11-13,0.022100400000000006,0.023062707953794885,0.02350288266595198,0.02394693025015165,0.022100047935281922
2025-11-14,0.022047900000000006,0.02301097685675351,0.023452035614139045,0.02389692387616382,0.022051485081337342
2025-11-17,0.022189900000000005,0.023154820960777242,0.023596135916432233,0.024041399863936688,0.02219739845497986
2025-11-18,0.022152900000000007,0.023118660905952063,0.023560800310351373,0.024006858338231345,0.022164288207037457
2025-11-19,0.022063400000000007,0.02302970101962472,0.023472828065995148,0.0239197994229264,0.022078654487344876
2025-11-20,0.022009200000000007,0.022976230171330585,0.023420226924758966,0.023868023241024224,0.0220282974447503
2025-11-21,0.021886100000000006,0.02285346829416262,0.023298550534655526,0.023747329914657153,0.02190901722712207
2025-11-24,0.021916900000000007,0.02288545585255566,0.02333112591979716,0.02378051956509365,0.02194361398135528
2025-11-25,0.021887500000000008,0.022856900924296243,0.023303346806153268,0.02375349231274439,0.021917987853378337
2025-11-26,0.021864700000000008,0.022834975462516775,0.023282171266239233,0.023733048277168354,0.02189893898815951
2025-11-27,0.021859100000000006,0.022830338533484013,0.023278224455226672,0.023729787577078842,0.021897067529713425
2025-11-28,0.021807800000000006,0.02277974000100907,0.02322845769529855,0.023680810330349456,0.02184947362110749
2025-12-01,0.021914600000000006,0.022888114547527563,0.02333715307125342,0.023789916654020037,0.02195995740446828
2025-12-02,0.021790900000000005,0.02276469874198071,0.02321479160193844,0.02366850666430256,0.02183991902098792
2025-12-03,0.021745900000000006,0.022720414067431985,0.023171304648963453,0.02362578047658701,0.021798558610930368
2025-12-04,0.021739700000000008,0.022715138435866502,0.023166697928658105,0.023621838205447162,0.021795976313637694
2025-12-05,0.021875400000000007,0.022852545893579452,0.023304315361266936,0.023759779964646382,0.02193527226753629
2025-12-08,0.022030300000000006,0.023009253373167466,0.023461166834453612,0.02391690586714335,0.022093746610143072
2025-12-09,0.022089400000000006,0.023069620675664017,0.023521980446316773,0.023978216025097754,0.022156399478071596
2025-12-10,0.022087000000000006,0.023068138810884663,0.023521137398800806,0.023978010549875934,0.022157531007038156
2025-12-11,0.022086400000000006,0.023068460242180736,0.023522087480208197,0.023979589552056504,0.022160441331867845
2025-12-12,0.021999100000000008,0.022981592304987294,0.023436121461192765,0.023894453141435915,0.02207663058650056
2025-12-15,0.02208310000000001,0.02306697142993834,0.023521849607366422,0.023980601427033996,0.022164098903996978
2025-12-16,0.021979700000000008,0.02296390064697883,0.023419723647316423,0.023879334517099435,0.02206414641654448
2025-12-17,0.021897700000000006,0.022882342471199142,0.023339037484277365,0.02379945251911525,0.021985573255463044
2025-12-18,0.021887200000000006,0.022872675874893535,0.02333000968489263,0.023791055539804193,0.021978479551211093
2025-12-19,0.021797900000000005,0.022783764128012432,0.023241984855948073,0.023703843685134132,0.021892565433391294
2025-12-22,0.021872500000000007,0.022859658478668752,0.02331823707479627,0.023780517060323386,0.021970531030756343
2025-12-23,0.021862400000000008,0.022850374923161075,0.023309578461115053,0.023772475769846032,0.021963776471214676
2025-12-24,0.021696800000000006,0.02268471933679026,0.023145041642860582,0.023608919917437163,0.02180150188183616
2025-12-29,0.021866800000000006,0.022856525902715093,0.023316888178287445,0.023780949606098133,0.02197480738885777
2025-12-30,0.021859600000000007,0.022850139715707412,0.02331110533493406,0.02377576493810172,0.02197089311768917
2025-12-31,0.02190550000000001,0.0228971429868062,0.02335853786068209,0.023823666014997295,0.022020059192918284
2026-01-02,0.021849300000000006,0.022841471703554533,0.023303618769785674,0.023769452937615936,0.021967105738316846
2026-01-05,0.021941400000000007,0.022934919980602885,0.02339734034692897,0.023863525806075522,0.022062432876845915
2026-01-06,0.021951000000000005,0.022945402911293947,0.023408356806318413,0.02387508471978575,0.022075240730661288
2026-01-07,0.021954300000000006,0.02294954477287755,0.023413048437047584,0.023880329777453167,0.022081729421118957
2026-01-08,0.021931800000000008,0.02292773704447889,0.02339186919084889,0.02385976107708613,0.022062399068780478
2026-01-09,0.021844600000000006,0.02284086319783629,0.023305827136665812,0.023774478715999758,0.021978349793418322
2026-01-12,0.021932300000000005,0.022929857218405656,0.023395089013946418,0.023864082790820824,0.022069181714021193
2026-01-13,0.021909100000000008,0.02290732799235775,0.0233731789557426,0.023842773397492634,0.02204909494879929
2026-01-14,0.021925500000000007,0.022924613451407807,0.023390952973100714,0.02386105063127984,0.02206858961518955
2026-01-15,0.02192590000000001,0.022925804090923974,0.023392679636389496,0.023863314586773272,0.022072065829860862
2026-01-16,0.021787000000000008,0.022786913494671143,0.02325476740049759,0.023726265357894682,0.02193622370871921
2026-01-19,0.021908500000000008,0.02290986698340369,0.023377861649578034,0.02384960303790148,0.02206076336691282
2026-01-20,0.021847600000000005,0.02284939936389327,0.02331811519883953,0.023790527719391438,0.02200288491883726
2026-01-21,0.021867300000000006,0.02286997489611029,0.023339150126905607,0.023812039494307356,0.022025588478140495
2026-01-22,0.021906000000000005,0.022909650669715252,0.023379220811367,0.023852538453941686,0.02206727415772791
2026-01-23,0.02181490000000001,0.02281879829895737,0.023289175395555833,0.023763224688941143,0.021979142069767293
2026-01-26,0.021919000000000008,0.022924227220220746,0.0233947825908169,0.023869098289311268,0.02208619232569383
2026-01-27,0.02191420000000001,0.02292014443380636,0.02339122324474378,0.023866059344420956,0.022084325036214984
2026-01-28,0.02196040000000001,0.022967340201876123,0.023438775595298222,0.02391400794300698,0.022133440311315408
2026-01-29,0.022005600000000007,0.02301352505948858,0.023485316722412417,0.023960944173178435,0.022181538260261813
2026-01-30,0.021906600000000005,0.02291470179679978,0.023387308011510472,0.023863668122421196,0.022085418991607753
2026-02-02,0.021932100000000006,0.02294106640557942,0.023414085018433232,0.023890879877602328,0.022113782613198463
2026-02-03,0.021914500000000007,0.02292408583148201,0.0233976514200943,0.02387497952497445,0.022099029232175577
2026-02-04,0.021912600000000008,0.02292288747366116,0.023396946344007324,0.023874767150180085,0.02209995895498188
2026-02-05,0.021917600000000006,0.022928622376432804,0.02340314903875822,0.023881442838255985,0.02210777188736597
2026-02-06,0.021857800000000007,0.022869191395941058,0.02334438998982054,0.023823306673637405,0.02205076813438697
2026-02-09,0.021902500000000005,0.02291483712551421,0.023390369663247035,0.02386965874016236,0.02209824780041909
2026-02-10,0.021881800000000007,0.022894713704516657,0.0233707862941292,0.02385059912107586,0.022080310989156283
2026-02-11,0.021890800000000005,0.02290445062650795,0.023380964859738156,0.023861227899034086,0.022092057803616772
2026-02-12,0.02182950000000001,0.022843491189868396,0.02332066891246259,0.02380154515610857,0.022033488346147614
2026-02-13,0.021712200000000008,0.02272621504371919,0.02320423233136561,0.023685850973790317,0.02191890271842916
2026-02-17,0.02178630000000001,0.022801399592110073,0.02327964029207974,0.02376154543299393,0.02199570102147958
2026-02-18,0.021781100000000008,0.0227968377816946,0.02327555262890663,0.023757928614061667,0.02199318335565927
2026-02-20,0.021710200000000006,0.022726205363673896,0.023205601564124507,0.023688600596767508,0.021924949820675266
2026-02-23,0.021805500000000005,0.022822693447028565,0.023302235613606646,0.023785461460321157,0.022022900515585645
2026-02-24,0.021807100000000006,0.022824955105318775,0.023304940153151255,0.02378861128337205,0.022027135538803852
2026-02-25,0.021878100000000008,0.022896998411611934,0.02337720098125586,0.0238611501440133,0.02210075498810304
2026-02-26,0.021871500000000006,0.022891004995650804,0.0233716704889192,0.023856078119785643,0.02209675896062034
2026-02-27,0.021864100000000008,0.0228842024655288,0.023365330368611867,0.023850195287681356,0.022091947552861164
2026-03-02,0.02191190000000001,0.022932902627692882,0.02341431311902991,0.02389950172414811,0.022142320860703384
2026-03-03,0.02203630000000001,0.02305862465716614,0.023540069407180907,0.024025397505092843,0.02226927897940158
2026-03-04,0.021991200000000006,0.02301389845584176,0.023495917244414837,0.023981782705885572,0.022226722003591198
2026-03-05,0.022020600000000008,0.023044082496013144,0.023526433760755278,0.024012657401363213,0.022258650027292697
2026-03-06,0.022043200000000006,0.023067424182554697,0.023550126729733913,0.024036721665833313,0.022283763143915676
2026-03-09,0.022208300000000007,0.02323405475685365,0.02371664930882254,0.02420327557307784,0.022451361446262946
2026-03-10,0.022151800000000006,0.023177847169587294,0.023661040430010664,0.024148219196356856,0.022397345026534624
2026-03-11,0.022242400000000006,0.023269554143825474,0.02375287214559513,0.024240252608412248,0.022490413976332134
2026-03-12,0.022279600000000007,0.023307559452389544,0.023791170311688963,0.02427887588147137,0.022530068386662237
2026-03-13,0.022268800000000005,0.023297293190450243,0.023781347751215026,0.024269489087250677,0.022521708347940997
2026-03-16,0.022326200000000008,0.0233556023181381,0.023839879336091007,0.024328292296959375,0.022581533949997762
2026-03-17,0.022291500000000006,0.023321294416090734,0.023806085997003124,0.024294985581302955,0.022549245282079033
2026-03-18,0.022270700000000008,0.023300959656768143,0.02378621848146765,0.024275569010486806,0.02253084243285243
2026-03-19,0.022414700000000006,0.023446338187562456,0.02393153372812557,0.024420942654219718,0.022677225490410517
2026-03-20,0.022644300000000006,0.023677789102591613,0.024162644473476495,0.02465190658171742,0.022909194542274667
2026-03-23,0.022715600000000006,0.0237500545490456,0.024235073927225747,0.02472456086170604,0.02298284967539888
2026-03-24,0.022922400000000006,0.023958570251599812,0.024443316994948342,0.024932705562425602,0.023191990976173575
2026-03-25,0.022999600000000005,0.024036760328660877,0.024521646746242732,0.025011240751633426,0.02327151853042935
2026-03-26,0.023072200000000008,0.024110320731529352,0.02459535886277673,0.02508516649660758,0.023346432423440748
2026-03-27,0.023053700000000007,0.024092269911419814,0.024577748814324785,0.025067982864150237,0.02333023273992994
2026-03-30,0.023131200000000008,0.024170749553221127,0.024656359152496324,0.02514678992059107,0.023410019564070437
2026-03-31,0.023139400000000008,0.024179539398559154,0.024665498979152066,0.02515628773179057,0.023420492979490757
2026-04-01,0.022966600000000007,0.02400631760017066,0.024493204163377583,0.024984776363143373,0.02324995306927806
2026-04-02,0.022874200000000008,0.0239139394983136,0.02440149298021056,0.02489365587958157,0.02315979991598176
2026-04-06,0.023002800000000007,0.024043787894107167,0.02453129800433261,0.025023526345577956,0.023290633601617122
2026-04-07,0.023000200000000005,0.024041701985921017,0.02452958630535918,0.02502218782514929,0.023290254207668833
2026-04-09,0.022632000000000006,0.023671976808735846,0.024161403557404895,0.024655240381859525,0.022924261815094535
2026-04-10,0.022515500000000008,0.023555349130878617,0.0240455097613399,0.024539984078822998,0.022809956504328346
2026-04-13,0.022585700000000007,0.023626457100311367,0.024116751232886324,0.024611418978707618,0.022882338355284353
2026-04-14,0.022590300000000008,0.023631596095406913,0.024122231310504148,0.024617245143738028,0.022889107447360103
2026-04-15,0.022642600000000006,0.02368469692675442,0.02417551800062339,0.024670762635698732,0.02294356385944
2026-04-16,0.022656100000000005,0.02369877804316534,0.02418990676908604,0.024685471515937214,0.022959207669898795
2026-04-17,0.022507900000000008,0.023550255240798998,0.024042206993003152,0.024538471845367026,0.02281313895660493
2026-04-20,0.022649700000000005,0.02369334332947322,0.024185187016346702,0.024681463684470852,0.02295705779692394
2026-04-21,0.02269820000000001,0.02374260836044065,0.024234640352310034,0.024731147093303582,0.023007664267721818
2026-04-22,0.022737100000000007,0.023782216349032645,0.02427446499980375,0.024771222131495286,0.0230486584453683
2026-04-23,0.022726600000000007,0.023772145739545097,0.024264766871730147,0.024761888858254283,0.02304024040574023
2026-04-24,0.022694200000000008,0.023740049660447255,0.024233111049660472,0.024730647332370077,0.02300991022422482
2026-04-27,0.022852500000000008,0.023899711761193584,0.024392600388662686,0.024890097612216326,0.023170267975722896
2026-04-28,0.022875600000000006,0.02392341765945683,0.0244165641552338,0.024914339755753807,0.02319541373465217
2026-04-29,0.02290330000000001,0.023951745699407185,0.024445133027012456,0.02494317382053332,0.023225147574950443
